序號,時間資訊,事件描述（代表性經文開頭 + 精煉直述事件）,地理資訊,出處,備註,耶穌基督後期聖徒教會關聯
1,出埃及前 (約 80 年前)/摩西 0 歲,「有不認識約瑟的新王起來，治理埃及。」埃及王忌憚以色列民強盛，嚴厲苦待並命收生婆殺男嬰未果，遂令眾民將以色列男嬰棄於河。,埃及 (蘭塞/歌珊地),出 1:8-22,利未、哥轄、暗蘭、摩西四代族譜精確應驗預言（創 15:16）；埃及（Mitzrayim）意為雙重受壓；後裔必寄居受苦四百年的預言（創 15:13）。,教約 133:67-68 記載聖徒將從屬靈埃及中被招聚出來。
2,出埃及前 80 年 (摩西出生)/摩西 0 歲,「見他是一個俊美的孩子，就藏了他三個月。」父母藏摩西三月，後置蒲草箱於河邊，蒙法老女兒收養，姊姊薦其母任乳母領回家乳養。,埃及 (蘭塞/歌珊地),出 2:1-10,藏了他三個月 (出 2:1-10); 摩西（Moshe）意為「從水裡拉出來」（出 2:10）；尼羅河既是殺戮場也是救贖地；父母因著信將他藏了三個月（來 11:23）。,阿 36:28 記載先祖出埃及與洗禮及聖職救贖之關聯。
3,出埃及前 40 年 (摩西逃往米甸)/摩西 40 歲,「他左右張望，見沒有人，就把埃及人打死了。」摩西見希伯來同胞受虐，趁左右無人暗殺埃及人，事發後法老欲殺之，摩西遂逃往米甸。,埃及 (蘭塞) → 米甸 (約 300km),出 2:11-15,"米甸（Midian）意為「爭戰」，位於阿卡巴灣沿岸；摩西從法老繼承人轉為曠野牧羊人，經歷 40 年靈性重塑（徒 7:23, 30）。",阿 36:28 記載漂流與離開埃及之歷史為帶領聖徒脫離束縛之核心先例。
4,出埃及前 40-1 年 (米甸牧羊)/摩西 40-80 歲,「摩西甘心和那人同住。」摩西於井旁救米甸祭司七女免受牧人欺凌，遂娶西坡拉為妻，在米甸曠野專心牧羊四十年。,米甸 (阿卡巴灣東岸),出 2:16-22,牧羊四十年 (出 2:16-22); 西波拉（Zipporah）意為「小鳥」；摩西甘心和那人同住，娶了西波拉為妻，生下革舜（Gershom，意為「在外邦作了寄居的」）。,教約 84:6 記載摩西在米甸曠野自葉忒羅處獲得麥基洗德聖職。
5,出埃及前 1 年 (約 6-9 個月期間)/摩西 80 歲 / 亞倫 83 歲 / 約書亞 41 歲 ,「耶和華的使者從荊棘裡的火焰中向摩西顯現。」神於何烈山火中召摩西，啟示「自有永有」之名，授三神蹟並遣其領民出埃及。,何烈山 (西乃山),出 3:1-4:17,系統架構：十災非密集於14天內發生，而是跨越約6-9個月的長期抗衡； 何烈山（Horeb）意為「荒廢之地」；神在荊棘火焰中宣告使命，應許百姓出埃及後必在此山事奉神（出 3:12）。,教約 39:1 記載自有的耶和華即為耶穌基督；摩西 1:1-22 記載摩西看見神的全貌並奉神子之名斥退撒旦；教約 110:11 記載摩西於1836年將以色列聚集的權鑰交託予約瑟斯密。
6,出埃及前 1 年 (約 6-9 個月期間)/摩西 80 歲 / 亞倫 83 歲 / 約書亞 41 歲 ,「亞倫把杖丟在法老和臣僕面前，杖就變作蛇。」摩西亞倫首見法老行神蹟，術士亦效之但亞倫之杖吞了術士之杖，法老心裡剛硬不肯放民。,米甸 → 埃及 (約 320km),出 7:8-13,亞倫（Aaron）意為「開路者」；神立亞倫為摩西的「口」，確立了日後大祭司制度的雛形（出 4:14-16）。,教約 8:6-7 記載亞倫持杖之恩賜在法理上具有行政、保護與顯明神蹟之聖職權柄。
7,出埃及前 1 年 (約 6-9 個月期間)/摩西 80 歲 / 亞倫 83 歲 / 約書亞 41 歲 ,「河裡的魚必死，河也要腥臭。」【第一災，血災】亞倫擊河水變血，魚死水臭，埃及人掘地求水，此災歷經七日法老仍不聽從。,埃及 (蘭塞/歌珊地),出 7:14-25,農業考證：始於尼羅河漲水期（公曆約8-9月）； 七日 (出 7:14-25); 第一災水變血（出 7:14-25）；審判尼羅河守護神哈比（Hapi），證明耶和華主宰生命之源。,教約 133:68 記載主用話語使江河乾涸與變血之能力；尼三 8:5-19 記載此物理破壞力於美洲大陸基督受難之對照；教約 29:16 記載此物理破壞力於末日審判中之對照。
8,出埃及前 1 年 (約 6-9 個月期間)/摩西 80 歲 / 亞倫 83 歲 / 約書亞 41 歲 ,「青蛙就上來，遮滿了埃及地。」【第二災，蛙災】無數青蛙入宮殿臥房，法老求饒後神使蛙死，法老見災禍稍緩隨即反悔。,埃及 (蘭塞/歌珊地),出 8:1-15,第二災青蛙（出 8:1-15）；審判生育女神海奎特（Heqet，蛙首人身），豐饒象徵變為災殃。,尼一 17:23-25 記載拒絕神的話語將招致物理毀滅之美洲歷史對照。
9,出埃及前 1 年 (約 6-9 個月期間)/摩西 80 歲 / 亞倫 83 歲 / 約書亞 41 歲 ,「就在人身上和牲畜身上有了蝨子。」【第三災，蝨災】亞倫擊塵土變蝨遍布人畜，術士承認此乃神的手段，法老心裡依舊剛硬。,埃及 (蘭塞/歌珊地),出 8:16-19,第三災虱子（出 8:16-19）；審判大地之神蓋布（Geb），術士承認「這是神的指頭」。,教約 8:3 記載術士所承認之神的指頭定義為聖靈與大能的顯現。
10,出埃及前 1 年 (約 6-9 個月期間)/摩西 80 歲 / 亞倫 83 歲 / 約書亞 41 歲 ,「埃及人的房屋和他們所住的地都要滿了成群的蒼蠅。」【第四災，蠅災】蒼蠅敗壞埃及全地，神分別歌珊地無災；法老願民留本地祭祀被拒，第四次頑固拒絕放民。,埃及 (蘭塞/歌珊地),出 8:20-32,第四災蒼蠅（出 8:20-32）；審判甲蟲神凱布利（Khepri）；神將歌珊地（Goshen）以色列民與埃及人區別保護。；歌珊地（Goshen）在古埃及語中意為「灌溉的土地」或「靠近之處」。,教約 45:64-71 記載分別歌珊地保護之法理與末日聖徒聚集於錫安躲避災殃之定例對接。
11,出埃及前 1 年 (約 6-9 個月期間)/摩西 80 歲 / 亞倫 83 歲 / 約書亞 41 歲 ,「埃及的牲畜幾乎都死了。」【第五災，畜疫】埃及田間牲畜盡都染疫而亡，以色列人的牲畜一隻未損，法老仍固執不肯放行。,埃及 (蘭塞/歌珊地),出 9:1-7,第五災畜疫（出 9:1-7）；審判聖牛神阿匹斯（Apis）與牛首愛神哈索爾（Hathor），重擊埃及經濟與宗教。；此災亦為對埃及牧畜守護神哈索爾（Hathor）的審判。,教約 89:4 記載牲畜染疫而死之審判與後期全地遭惡者敗壞之警告。
12,出埃及前 1 年 (約 6-9 個月期間)/摩西 80 歲 / 亞倫 83 歲 / 約書亞 41 歲 ,「就在人身上和牲畜身上成了起泡的瘡。」【第六災，瘡災】摩西揚爐灰使人畜生瘡，術士亦受災立足不住，法老仍心硬如初。,埃及 (蘭塞/歌珊地),出 9:8-12,第六災起泡的瘡（出 9:8-12）；審判醫學之神印何闐（Imhotep），顯示埃及醫療神祇無效。；摩西揚起爐灰（出 9:8）是對應當時埃及祭司為驅邪向天散灰的宗教習俗，神以此瘡災直接癱瘓埃及醫學之神印何闐（Imhotep）與祭司的潔淨。,教約 29:18-19 記載人畜生瘡之災與末日拒不悔改者肉體在站立時腐爛之審判關聯。
13,出埃及第 1 年 1 月前 (約 1.5 個月)/摩西 80 歲 / 亞倫 83 歲 / 約書亞 40 歲,「耶和華降下雷、雹，有火閃到地上。」【第七災，雹災】神降重雹與烈火毀田間民畜，歌珊地獨免，法老認罪求饒後再度毀言。,埃及 (蘭塞/歌珊地),出 9:13-35,農業考證：大麥吐穗、麻開花（約公曆2月），橫稈硬化易碎；小麥未長成故倖免； 第七災冰雹與火（出 9:13-35）；審判天空女神努特（Nut）與風暴神賽特（Seth）；重創正值花期的亞麻與大麥。,教約 29:16 記載降下烈火與重雹毀壞田間莊稼之警告互為應驗。
14,出埃及第 1 年 1 月前 (約 2-4 週)/摩西 80 歲 / 亞倫 83 歲 / 約書亞 40 歲,「東風把蝗蟲颳了來。」【第八災，蝗蟲】東風引蝗吃盡營災餘剩，埃及境內不見一點開色，法老災後依然頑強拒絕放民。,埃及 (蘭塞/歌珊地),出 10:1-20,第八災蝗蟲（出 10:1-20）；審判守護豐收之神敏（Min），吃盡雹災殘餘莊稼，象徵徹底匱乏。；此災亦為對埃及空氣之神舒（Shu）與莊稼守護神敏（Min）的審判。,教約 97:22-26 記載東風引蝗吃盡莊稼與後期時代惡人遭蝗蟲與瘟疫審判之歷史警告。
15,出埃及第 1 年 1 月前 (約 1 週)/摩西 80 歲 / 亞倫 83 歲 / 約書亞 40 歲,「埃及遍地就黑暗了三天。」【第九災，黑災】黑暗遮蔽埃及三日，人不能相見，唯以色列人家中有光，法老怒逐摩西並脅迫殺之。,埃及 (蘭塞/歌珊地),出 10:21-29,三日 (出 10:21-29); 第九災黑暗（出 10:21-29）；審判埃及最高神太陽神拉（Ra），象徵神對埃及國運的終極否定。,尼三 8:19-23 記載埃及遍地三日黑暗與基督受難時美洲大陸經歷之三天完全黑暗在物理特徵上完全關聯。
16,出埃及第 1 年 1 月 (逾越節預備)/摩西 80 歲 / 亞倫 83 歲 / 約書亞 40 歲,「各家按著父家取羔羊，一家一隻。」神命民宰無殘疾羔羊塗血於門框門楣，全家束腰穿鞋趕吃火烤羊肉，預備逾越節。,埃及 (蘭塞/歌珊地),出 12:1-28,第十災長子被殺（出 11:1-12:30）；審判被視為神子的法老繼承人；確立凡頭生歸主的代贖原則（出 13:1-2）。,摩賽 13:27-31 記載逾越節與摩西律法之定例均為引導子民仰望基督之無限贖罪；阿 34:13-14 記載律法的各項細節皆指向基督之無限犧牲；JST 出 12:5 記載無殘疾羔羊自創世以來即為神子犧牲之定例。
17,出埃及第 1 年 1 月 14 日半夜/摩西 80 歲 / 亞倫 83 歲 / 約書亞 40 歲,「到了半夜，耶和華把埃及地所有的長子...盡都殺了。」【第十災，擊長子】神擊殺埃及凡首生者，法老哀求民速離，民向埃及人索得金銀而去。,埃及 (蘭塞/歌珊地),出 12:29-36,逾越節（Pesach）意為「越過」（Pass over）；「我一見這血，就越過你們去」（出 12:13）；預表基督是逾越節的羔羊（林前 5:7）；法例規定羔羊骨頭一根也不可折斷（出 12:46），精確應驗於耶穌受難時（約 19:36）。,教約 76:54 記載長子因血得存活之法理在後期啟示中延伸為長子教會聖徒共同繼承父所有一切之基石；教約 93:22 記載凡藉基督所生者皆為長子教會的承繼者。
18,出埃及第 1 年 1 月 15 日/摩西 80 歲 / 亞倫 83 歲 / 約書亞 40 歲 ,「以色列人從蘭塞起行。」在正月十五日，法老正葬長子時，六十萬步兵攜婦孺及約瑟骸骨從蘭塞起行，安營在疏割，畢四百三十年旅居。,蘭塞 → 疏割 (約 50km),出 12:37-51; 民 33:5,"亞比（Abib）意指「青綠色的穗子」，代表大麥成熟； 正月十五日、在正月十五日 (出 12:37-51; 民 33:5); 疏割意為「棚子」；耶和華在埃及地所有的軍隊都在這一天出來（出 12:41）；應驗後裔必寄居受苦四百年後帶著許多財物出來之應許（創 15:13-14）；約瑟骸骨被帶出（出 13:19），應驗其臨終對神眷顧的信心（創 50:25, 來 11:22）；百姓中沒有一個軟弱的（詩 105:37）。",JST 創 50:24 詳載約瑟臨終前對神必帶領後裔出埃及之預言；尼一 17:23-25 記載美洲先知體系引用出埃及歷史論證神必拯救聖約遺族；阿 46:24-26 記載約瑟外衣殘留部分之預言與聖約遺族保存之關聯。
19,出埃及第 1 年 1 月 16-17 日/摩西 80 歲 / 亞倫 83 歲 / 約書亞 40 歲 ,從疏割起行，安營在曠野邊的以倘。,疏割 → 以倘 (約 40km),民 33:6,以倘意為「他們的邊界」；神在曠野並沒有丟棄他們，日間雲柱不離開，夜間火柱照亮當行的路（尼 9:19）。,教約 49:27 記載曠野雲火柱引路之法理與後期時代主承諾必在聖徒前面引路且在其中央之誓言對接。
20,出埃及第 1 年 1 月 16-17 日/摩西 80 歲 / 亞倫 83 歲 / 約書亞 40 歲 ,「日間，耶和華在雲柱中領他們的路。」神不領民走近路以免遇戰後悔，親以日間雲柱、夜間火柱引路，引領全程方向。,以倘 (曠野邊),出 13:17-22,耶和華在他們前面行（出 13:21）；神在路上在百姓前面行，為要尋找安營的地方（申 1:33）；白日鋪張雲彩，夜間使火光照（詩 105:39）。,阿 37:38-40 記載雲柱火柱之物理導引與美洲先知所使用之利阿賀拿相同且皆根據對神之信心而運作；尼一 16:28 記載指針依據對神之信心與勤奮提供導航。
21,出埃及第 1 年 1 月 16-17 日/摩西 80 歲 / 亞倫 83 歲 / 約書亞 40 歲 ,「法老必說：以色列人在地中迷了路。」從以倘起行，轉到比‧哈希錄，是在巴力‧洗分對面，就在密奪安營。百姓在比哈希錄安營，法老見其被困，率領六百輛特選戰車起意追趕。,以倘 → 比‧哈希錄 → 密奪 (約 30km),民 33:7; 出 14:1-9,"比‧哈希錄意為「峽谷之口」；密奪意為「塔」；巴力‧洗分意為「北方之主」；耶和華宣告要在法老身上得榮耀，埃及人就必知道我是耶和華（出 14:4, 18）。",教約 19:1-3 記載耶和華在法老身上得榮耀與全地必知道主大能之至高主權宣告關聯。
22,出埃及第 1 年 1 月下旬/摩西 80 歲 / 亞倫 83 歲 / 約書亞 40 歲 ,從比‧哈希錄對面起行，經過海中到了書珥曠野，又在以倘的曠野走了三天的路程，就安營在瑪拉。,密奪 → 紅海 → 書珥曠野 → 瑪拉 (約 60km),民 33:8,"過紅海後在書珥曠野步行三日抵達； 書珥意為「牆」；過紅海後進入曠野三天找不到水，試驗百姓是否聽從神的話（出 15:22, 25）。",教約 136:21-26 記載曠野步行三日找不到水之物理考驗對應聖徒需在艱難中受試驗以證明對聖約之忠誠。
23,出埃及第 1 年 1 月下旬/摩西 80 歲 / 亞倫 83 歲 / 約書亞 40 歲 ,「耶和華用大東風使海水退去。」大東風一夜吹開海水使其立起如壘，百姓在海中走乾地。，後覆海水淹沒法老全軍追兵，以色列民因見大能而敬畏神。,紅海 (渡海處),出 14:1-31,以色列人因著信過紅海如行乾地（來 11:29）；神在海中分開水，領百姓過去，將追趕的人拋在深海如石頭拋在大水中（尼 9:11）；百姓在海中受洗歸了摩西（林前 10:1-2）。,尼一 4:2 記載摩西對海說話海即分開為信心與聖職權柄結合命令物理自然之範例；尼二 31:17 記載過紅海與脫離罪惡束縛所需之水與聖靈洗禮之關聯。
24,出埃及第 1 年 1 月下旬/摩西 80 歲 / 亞倫 83 歲 / 約書亞 40 歲 ,「那時，摩西和以色列人向耶和華歌唱。」摩西作歌頌讚神之威嚴，女先知米利暗擊鼓領眾婦女跳舞應和。,紅海東岸 (書珥曠野),出 15:1-21,此為摩西之歌（出 15:1）；與啟示錄應驗：唱神僕人摩西的歌和羔羊的歌，宣告神的作為大哉、奇哉（啟 15:3）。,教約 84:98-102 記載戰勝埃及肉身仇敵所唱之摩西之歌與後期時代錫安建立時聖徒將唱之新歌互為關聯應驗。
25,出埃及第 1 年 1 月下旬/摩西 80 歲 / 亞倫 83 歲 / 約書亞 40 歲,「他把樹丟在水裡，水就變甜了。」民至瑪拉因水苦發怨言，摩西投樹入水使之變甜，神在此立律例試驗百姓。,瑪拉,出 15:22-27,瑪拉意為「苦」；神在那裡為他們立了律例、典章，在那裡試驗他們（出 15:25）；耶和華啟示：我耶和華是醫治你的（出 15:26）；神使曠野變為水潭，使乾地變為水泉（詩 107:35）。,教約 136:22-24 記載聖徒在旅途中必須經歷考驗以證明其對聖約的忠誠。
26,出埃及第 1 年 1 月下旬/摩西 80 歲 / 亞倫 83 歲 / 約書亞 40 歲,從瑪拉起行，來到以琳（以琳有十二股水泉，七十棵棕樹），就在那裡安營。,瑪拉 → 以琳 (約 12km),民 33:9,以琳意為「強壯的樹」；十二股水泉與七十棵棕樹（出 15:27）；神在曠野四十載，百姓衣服沒有穿破，腳也沒有腫（尼 9:21）。,神在曠野四十載，百姓衣服沒有穿破，腳也沒有腫（尼 9:21）。
27,出埃及第 1 年 2 月 15 日/摩西 80 歲 / 亞倫 83 歲 / 約書亞 40 歲,從以琳起行，安營在紅海邊。,以琳 → 紅海邊 (約 30km),民 33:10,此為民數記所載重複停靠點（民 33:10）；在進入更深曠野前，再次於救贖的起始地標安營。,此為民數記所載重複停靠點。
28,出埃及第 1 年 2 月 16 日/摩西 80 歲 / 亞倫 83 歲 / 約書亞 40 歲,從紅海邊起行，安營在汛的曠野。,紅海邊 → 汛的曠野 (約 25km),民 33:11,汛意為「泥土」；百姓第二次發怨言懷念埃及肉鍋（出 16:3）；神宣告要從天降下糧食試驗百姓是否遵行法度（出 16:4）。,汛意為「泥土」；百姓第二次發怨言懷念埃及肉鍋。
29,出埃及第 1 年 2 月 16 日 - 2 月底/摩西 80 歲 / 亞倫 83 歲 / 約書亞 40 歲,「我要將糧食從天降給你們。」汛曠野民怨無食，神早降嗎哪晚降鵪鶉，嗎哪供應以色列民四十年直至進入迦南。,汛的曠野,出 16:1-36,"嗎哪意為「這是什麼呢？」（出 16:15）；神降嗎哪像雨給他們吃，賜下天上的糧食（詩 78:24）；預表基督是從天上降下來生命的糧（約 6:31-35, 48-51）；百姓吃了靈糧（林前 10:3）。",阿 37:40-41 記載先祖因嗎哪與奇蹟的日常性而產生麻木，導致無法專注於神的權能，警告末代聖徒不可輕慢神的恩賜。
30,出埃及第 1 年 2 月 16 日 - 2 月底/摩西 80 歲 / 亞倫 83 歲 / 約書亞 40 歲,從汛的曠野起行，安營在脫加。,汛的曠野 → 脫加 (約 20km),民 33:12,脫加意為「敲擊」；民數記三十三章所列停靠站（民 33:12）；神在曠野四十年養育百姓，使他們一無所缺（尼 9:21）。,脫加意為「敲擊」；民數記三十三章所列停靠站。
31,出埃及第 1 年 2 月 16 日 - 2 月底/摩西 80 歲 / 亞倫 83 歲 / 約書亞 40 歲,從脫加起行，安營在亞錄。,脫加 → 亞錄 (約 15km),民 33:13,亞錄意為「人群聚集」；民數記三十三章所列停靠站（民 33:13）；耶和華引領百姓每一步的安營與起行。,亞錄意為「人群聚集」；民數記三十三章所列停靠站。
32,出埃及第 1 年 2 月 16 日 - 2 月底/摩西 80 歲 / 亞倫 83 歲 / 約書亞 40 歲,從亞錄起行，安營在利非訂；在那裡，百姓沒有水喝。,亞錄 → 利非訂 (約 20km),民 33:14,利非訂意為「安歇處」；百姓因無水與摩西爭鬧（出 17:1-3）；地名瑪撒意為「試探」，米利巴意為「爭鬧」（出 17:7）。,利非訂意為「安歇處」；百姓因無水與摩西爭鬧。
33,出埃及第 1 年 2 月 16 日 - 2 月底/摩西 80 歲 / 亞倫 83 歲 / 約書亞 40 歲,「你要擊打磐石，從磐石裡必有水流出來。」利非訂民爭鬧無水，摩西擊打何烈山磐石出泉供民飲用，地名瑪撒、米利巴。,利非訂,出 17:1-7,神使磐石崩裂，津液噴出，在乾旱之處水流成河（詩 105:41）；神使磐石變為水池，使翠石變為泉源（詩 114:8）；那磐石就是基督（林前 10:4）；百姓都喝了靈水（林前 10:4）；你們不可試探耶和華你們的神，像你們在瑪撒那樣試探他（申 6:16）。,尼二 25:20 記載全地唯有藉著基督這一名字方能獲得救贖與生命之水；阿 33:18-21 記載摩西擊打磐石湧出活水在先知體系中作為仰望基督得活命之核心見證。
34,出埃及第 1 年 2 月 16 日 - 2 月底/摩西 80 歲 / 亞倫 83 歲 / 約書亞 40 歲,「摩西何時舉手，以色列人就得勝。」亞瑪力人來襲，摩西舉杖山頂，亞倫戶珥扶其手使之穩固，約書亞領軍大勝。,利非訂,出 17:8-16,亞瑪力意為「谷中之民」；耶和華尼西意為「耶和華是我旌旗」（出 17:15）；要在天下塗抹亞瑪力的名號（出 17:14）；紀念路上的亞瑪力人怎樣待你，不可忘記（申 25:17-19）。,摩爾門 9:11 記載神是行神蹟的神，摩西舉手即顯明神對物理戰場的主權與大能。
35,出埃及第 1 年 2 月 16 日 - 2 月底/摩西 80 歲 / 亞倫 83 歲 / 約書亞 40 歲,「要從百姓中揀選有才能的人。」岳父見摩西審案勞倦，建議設立千夫長等分層負責，摩西採納此議並送岳父歸鄉。,利非訂,出 18:1-27,葉忒羅意為「他的卓越」；摩西回顧：我獨自一人辦理你們的事，我承當不起，所以設立官長管理（申 1:9-13）；此為第一次有關神國度行政管理秩序的記載（出 18:13-26）。,教約 136:1-3 記載現代聖徒西遷曠野時，亦遵循千夫長、百夫長、五十夫長與十夫長之神聖組織行政管理秩序。
36,第 1 年 2 月底/摩西 80 歲 / 亞倫 83 歲 / 約書亞 40 歲,「以色列人來到西乃的曠野。」抵達聖山面前安營。,利非訂 → 西乃山,出 19:1-2,西乃意為「多刺的」；神將百姓背在翅膀上領歸自己 (出 19:4)。,西乃意為「多刺的」；神將百姓背在翅膀上領歸自己。
37,第 1 年 3 月/摩西 80 歲 / 亞倫 83 歲 / 約書亞 40 歲,第 1 次面見神：「摩西上到神那裡。」領受祭司國度與聖潔國民的聖約提議。,西乃山,出 19:3-6,"祭司的國度、聖潔的國民 (出 19:6, 彼前 2:9)。",教約 84:19-23 記載麥基洗德聖職持有人擁有進入神尊榮面臨之權鑰，神原本意欲使全體百姓皆成為祭司的國度。
38,第 1 年 3 月/摩西 80 歲 / 亞倫 83 歲 / 約書亞 40 歲,第 2 次面見神：「摩西將百姓的話回覆耶和華。」回報百姓遵行之志，吩咐百姓自潔三日。,西乃山,出 19:7-13,百姓同聲回答：凡耶和華所說的我們都要遵行 (出 19:8)。,百姓同聲回答：凡耶和華所說的我們都要遵行。
39,第 1 年 3 月 第 3 天/摩西 80 歲 / 亞倫 83 歲 / 約書亞 40 歲,第 3 次面見神：「耶和華在火中降臨西乃山頂。」神嚴誡邊界，摩西隨即下山告誡百姓。,西乃山,出 19:16-25,摩西下山的證據見出 19:25；百姓看見雷轟、閃電、角聲 (出 20:18)。,摩西下山的證據見出 19:25；百姓看見雷轟、閃電、角聲。
40,第 1 年 3 月/摩西 80 歲 / 亞倫 83 歲 / 約書亞 40 歲,第 4 次面見神：「摩西就挨近神所在的幽暗之中。」領受十誡原始版（兩塊石版）。,西乃山,出 20:21-17,耶和華與人面對面說話 (申 5:4)；律法原是藉著摩西傳的 (約 1:17)。,教約 59:5-12 現代啟示重新確立並重申十誡核心法理在後期時代的道德與屬靈約束力。
41,第 1 年 3 月/摩西 80 歲 / 亞倫 83 歲 / 約書亞 40 歲,「你要在百姓面前立的典章是這樣。」領受約書中的詳細社會典章與節期制度。,西乃山,出 21:1-23:33,"包含奴僕、賠償、安息年等條例；不可毀謗民的官長 (出 22:28, 徒 23:5)。",包含奴僕、賠償、安息年等條例；不可毀謗民的官長。
42,第 1 年 3 月/摩西 80 歲 / 亞倫 83 歲 / 約書亞 40 歲,「摩西將耶和華的命令典章都述說與百姓聽。」下山築壇宣讀約書，正式立盟約。,西乃山 (山下),出 24:3-7,"祭壇與十二根柱子；這是立約的血 (出 24:8, 太 26:28)。",摩賽 5:5-7 記載聖約子民因立約而被稱為基督的兒文，與西乃山下灑血立約之聖約法理完全對接。
43,第 1 年 3 月/摩西 80 歲 / 亞倫 83 歲 / 約書亞 40 歲,第 5 次面見神：「他們看見以色列的神...又吃又喝。」摩西與長老上山在神面前確認盟約。,西乃山,出 24:9-11,祂腳下彷彿有平鋪的藍寶石 (出 24:10)；看見神仍得存活。,教約 110:1-3 記載約瑟斯密與奧利佛考得里在嘉德蘭聖殿中看見主顯現之物理特徵（足下有純金平鋪）與西乃山平鋪藍寶石之物理顯現互為印證。
44,第 1 年 3 月/摩西 80 歲 / 亞倫 83 歲 / 約書亞 40 歲,第 6 次面見神：「摩西進入雲中上山。」神召摩西進入高處，領受法版與會幕樣式。,西乃山,出 24:12-18,歷時 40 晝夜；不吃飯不喝水 (申 9:9)；要按著在山上指示你的樣式 (出 25:40)。,摩西 1:1-2 詳載摩西在山上改變形體並與神面對面交談四十晝夜之詳細過程與屬靈法理。
45,第 1 年 3 月/摩西 80 歲 / 亞倫 83 歲 / 約書亞 40 歲,「耶和華曉諭摩西說...」詳細啟示約櫃、陳設餅桌與燈臺的製作規格。,西乃山,出 25:1-40,"約櫃的「槓」不可抽出來 (出 25:15)；陳設餅例 (利 24:5-9) 見於大衛逃亡時 (撒上 21:1-6, 太 12:4)。",約櫃的「槓」不可抽出來；陳設餅例見於大衛逃亡時。
46,第 1 年 3 月/摩西 80 歲 / 亞倫 83 歲 / 約書亞 40 歲,「你要用十幅幔子作帳幕。」詳細啟示幕幔、板、門簾及祭壇的規格。,西乃山,出 26:1-27:21,聖幕是天上事物的影像和影子 (來 8:5)；會幕移動時必須按樣式拆裝。,聖幕是天上事物的影像和影子；會幕移動時必須按樣式拆裝。
47,第 1 年 3 月/摩西 80 歲 / 亞倫 83 歲 / 約書亞 40 歲,「你要給你哥哥亞倫作聖衣為榮耀，為華美。」啟示祭司聖衣、膏油及承接聖職的條例。,西乃山,出 28:1-31:18,包含胸牌上的烏陵和土明 (出 28:30)；神親手寫的兩塊法版 (出 31:18)。,教約 124:37-39 記載會幕、祭司聖衣與烏陵土明之設計，皆為高處啟示之神神聖定例，與後期聖殿崇拜與啟示法理具有直接傳承性。
48,第 1 年 4 月/摩西 80 歲 / 亞倫 83 歲 / 約書亞 40 歲,「百姓見摩西遲延不下山。」亞倫順從民意造金牛犢，引發百姓坐下吃喝、起來玩耍。,西乃山 (山下),出 32:1-6,"亞倫意為「山中之人」；他們在何烈山造了牛犢 (詩 106:19, 林前 10:7)。",亞倫意為「山中之人」；他們在何烈山造了牛犢。
49,第 1 年 4 月/摩西 80 歲 / 亞倫 83 歲 / 約書亞 40 歲,「摩西轉身下山，手裡拿著兩塊法版。」看見金牛犢便發烈怒，摔碎石版並擊殺叛民。,西乃山 (山下),出 32:15-29,利未意為「聯合」；這日利未人為自己得福 (出 32:29)。,摩西 1:18-22 記載摩西在面對偶像與撒旦誘惑時發出義怒，並奉神子名將其斥退，可與山下平息拜牛犢罪惡互為法理互證。
50,第 1 年 4 月/摩西 80 歲 / 亞倫 83 歲 / 約書亞 40 歲,第 7 次面見神：「摩西回到耶和華那裡說...倘或你肯赦免他們的罪。」為百姓代求。,西乃山,出 32:30-35,摩西祈求見神的榮耀 (出 33:18)；摩西在祂面前站在破口 (詩 106:23)。,摩西祈求見神的榮耀；摩西在祂面前站在破口。
51,第 1 年 4 月/摩西 80 歲 / 亞倫 83 歲 / 約書亞 40 歲,「摩西將帳幕支搭在營外。」因神不與百姓同往，摩西在營外會幕面見神。,西乃山 (營外),出 33:7-11,耶和華是認識摩西名、在他眼前蒙恩的神 (出 33:17)。,耶和華是認識摩西名、在他眼前蒙恩的神。
52,第 1 年 4-6 月/摩西 80 歲 / 亞倫 83 歲 / 約書亞 40 歲,第 8 次面見神：「摩西就鑿出兩塊石版...清晨上西乃山去。」神重新頒律法並宣告屬性。,西乃山,出 34:1-28,再歷 40 晝夜；有憐憫、有恩典、不輕易發怒、有豐盛的慈愛和誠實 (出 34:6)。,JST 出 34:1-2 精確記載因百姓在牛犢事件中的頑梗，神雖重寫石版，但將其中所包含的「麥基洗德聖職與其神聖定例」抽去，僅留下律法的基本條例（亞倫聖職律法）。
53,第 1 年 6 月/摩西 80 歲 / 亞倫 83 歲 / 約書亞 40 歲,「摩西面皮因耶和華與他說話就發了光。」摩西下山，用帕子蒙臉與百姓說話。,西乃山 (山下),出 34:29-35,亞倫和眾民看見摩西面皮發光就害怕 (出 34:30)；帕子在基督裡才廢去 (林後 3:13-18)。,教約 84:22-23 說明人若無聖職權柄與形體改變，肉身無法承受神的榮耀，摩西因四十日面見神而使肉體產生發光之物理現象。
54,出埃及第 1 年 6 月-12 月/摩西 80 歲 / 亞倫 83 歲 / 約書亞 40 歲,「比撒列和亞何利亞伯...便作工。」心裡有智慧的甘心奉獻，動工建造會幕。,西乃山 (山下),出 36:1-39:31,比撒列意為「在神的陰下」；百姓送來的禮物富富有餘 (出 36:5-7)。,教約 124:37-39 記載會幕與聖殿器具之建造皆源於至高者之直接啟示定例。
55,出埃及第 2 年 1 月 1 日/摩西 81 歲 / 亞倫 84 歲 / 約書亞 41 歲,「摩西看見一切的工都做成了，就給他們祝福。」完成各樣物件的檢查與驗收。,西乃山 (山下),出 39:32-43,"這工是照耶和華所吩咐摩西的 (出 39:32, 42)。",教約 124:39 重新確立完成了各樣工的奉獻與祝福秩序。
56,出埃及第 2 年 1 月 1 日/摩西 81 歲 / 亞倫 84 歲 / 約書亞 41 歲,「第二年正月初一日，帳幕就立起來。」雲彩遮蓋會幕，耶和華的榮光充滿帳幕。,西乃山 (山下),出 40:1-38,日間雲彩在帳幕以上，夜間雲中有火 (出 40:38)；榮光充滿聖殿 (王上 8:10-11)。,教約 124:37-38 說明帳幕立起與神聖榮光充滿，是神願意與世人同在之物理印證。
57,出埃及第 2 年 1 月/摩西 81 歲 / 亞倫 84 歲 / 約書亞 41 歲,「耶和華從會幕中呼叫摩西。」頒布五大祭禮與生活條例，建立聖潔敬拜的秩序。,西乃山 (山下),利 1:1-7:38,祭意為「上升」；獻祭者要按手在供物頭上 (利 1:4)；基督把自己獻為供物 (弗 5:2)。,教約 84:19-21 記載神聖祭禮之律法與秩序是在更高之聖職條例中執行的基礎。
58,出埃及第 2 年 1 月/摩西 81 歲 / 亞倫 84 歲 / 約書亞 41 歲,「摩西將亞倫和他兒子帶到會幕門口。」為亞倫及其子孫行承接聖職之禮，膏抹大祭司。,西乃山 (山下),利 8:1-36,膏油流到亞倫的鬍鬚 (詩 133:2)；亞倫蒙召作大祭司，不是自取的 (來 5:4)。,教約 84:25-27 記載亞倫及子孫承接亞倫聖職與行膏抹之神聖定例。
59,出埃及第 2 年 1 月/摩西 81 歲 / 亞倫 84 歲 / 約書亞 41 歲,「有火從耶和華面前出來，在壇上燒盡了燔祭。」神顯榮光，正式印證祭司職任與供獻。,西乃山 (山下),利 9:1-24,眾民看見火降下，就都歡呼，俯伏在地 (利 9:24)。,教約 132:7 記載神聖祭壇之火與印證，必須由神所認可之權柄與方式顯明。
60,出埃及第 2 年 1 月/摩西 81 歲 / 亞倫 84 歲 / 約書亞 41 歲,「亞倫的兒子拿答、亞比戶...獻上凡火。」兩人死在神面前，神嚴誡親近祂的人要顯為聖。,西乃山 (山下),利 10:1-20,拿答意為「慷慨」，亞比戶意為「他是我的父」；凡火意為「未經授權的火」。,教約 132:18 嚴誡凡未經神授權之凡火與不當權柄，在神聖事工中必不蒙悅納且帶來靈性死亡。
61,出埃及第 2 年 1-2 月/摩西 81 歲 / 亞倫 84 歲 / 約書亞 41 歲,「你們要聖潔，因為我是聖潔的。」頒布潔淨條例。包含產後婦女潔淨例。,西乃山 (山下),利 11:1-15:33,分別潔淨與不潔淨 (利 11:47)；在一切所行的事上也要聖潔 (彼前 1:15-16)；產後例見於耶穌出生 (路 2:22)。,教約 11:13-14 說明百姓生活條例與聖潔道德規範，是保持聖靈同在與身體潔淨之物理法理。
62,出埃及第 2 年 1-2 月/摩西 81 歲 / 亞倫 84 歲 / 約書亞 41 歲,「亞倫要為自己和家屬獻贖罪祭。」頒布贖罪日條例，建立全國年度除罪機制。,西乃山 (山下),利 16:1-34,贖罪祭意為「遮蓋」；阿撒瀉勒意為「完全移去」；基督一次獻上成了贖罪的事 (來 9:12)。,教約 133:4-5 百姓年度除罪機制預表最終藉著主之救贖達到完全的潔淨。
63,出埃及第 2 年 2 月 1 日/摩西 81 歲 / 亞倫 84 歲 / 約書亞 41 歲,「第一次數點二十歲以上男丁。」神命摩西數點能打仗者，共六十萬三千五百五十名，利未人不列其中。,西乃山,民 1:1-54,；兵籍調查限「二十歲以外，能出去打仗的」 (民 1:3)；以色列（Yisrael）釋義「與神摔跤者」或「神統治」 (創 32:28)；總數應驗神應許亞伯拉罕後裔如星之繁多 (創 15:5)。,教約 136:1-3 記載神子民在曠野西遷之軍隊編制，與數點男丁、按旗號安營之秩序完全呼應。
64,出埃及第 2 年 2 月/摩西 81 歲 / 亞倫 84 歲 / 約書亞 41 歲,「頒佈：疑恨與補償之法」在西乃山頒佈關於對待不忠與賠償的司法程序。,西乃山,民 5:5-31,法源：民 5:5-31；關聯：淫婦將被石頭打死 (約 8:1-11)。,教約 42:87-88 記載在現代教會中對不忠、損害與補償的司法審判程序與律法界線。
65,出埃及第 2 年 2 月/摩西 81 歲 / 亞倫 84 歲 / 約書亞 41 歲,「頒佈：拿細耳人條例」在西乃山確立離俗分別為聖的身份規範。,西乃山,民 6:1-21,法源：民 6:1-21；關聯：參孫 (士 13:5)、撒母耳 (撒上 1:11) 與施洗約翰 (路 1:15) 皆為拿細耳人。,教約 132:1 提及古人離俗、分別為聖與履行特定誓約之拿細耳人條例法理。
66,出埃及第 2 年 2 月/摩西 81 歲 / 亞倫 84 歲 / 約書亞 41 歲,「以色列人要照旗號安營。」神定規十二支派環繞會幕安營，東西南北各有領頭旗號，利未人在內環。,西乃山,民 2:1-34,安營法理為「對著會幕的四圍安營」 (民 2:2)；四方旗號預表基路伯（Cherubim）之四臉 (結 1:10) 與啟示錄四活物 (啟 4:6-8)。,教約 136:2 記載以色列民按旗號與宗族在會幕周圍嚴密安營之大軍秩序。
67,出埃及第 2 年 2 月/摩西 81 歲 / 亞倫 84 歲 / 約書亞 41 歲,「利未支派代替首生的歸神。」分派革順、哥轄、米拉利子孫各負搬運會幕職責，哥轄扛抬聖物。,西乃山,民 3:1-4:49,"利未（Levi）釋義「聯合」 (創 29:34)；哥轄（Kohath）釋義「集結」；法理嚴禁「摸聖物」與「觀看聖所」 (民 4:15, 20)；此禁令違背應驗於伯示麥人擅觀約櫃遭擊殺 (撒上 6:19) 及烏撒手扶約櫃被擊殺 (撒下 6:6-7)；大衛吃陳設餅亦涉及聖物法理之例外應用 (太 12:3-4)。；搬運前需先由祭司用「遮掩櫃的幔子」蒙蓋，再蒙上「海狗皮」，最外層鋪上「純藍色的毯子」並穿槓；此三重防護法理旨在防止非祭司職者直視或觸摸聖物致死 (民 4:5-6)；違背此規範應驗於伯示麥人遭擊殺 (撒上 6:19) 與烏撒事件 (撒下 6:6-7)。",教約 84:29-31 記載利未子孫分派承當搬運與管理神聖聖物之職責分配法理。
68,出埃及第 2 年 2 月/摩西 81 歲 / 亞倫 84 歲 / 約書亞 41 歲,「首領連十二日輪流獻供物。」十二支派首領慶賀奉獻聖壇，所獻供物相同且極其厚重。,加低斯巴尼亞,民 7:1-89,每日一首領獻祭共十二日 (民 7:11)；此獻祭法理應用於約瑟、馬利亞按律法帶耶穌進殿獻祭 (路 2:22-24)；終結於摩西進會幕聽見二基路伯中間之發聲 (民 7:89)。,教約 124:39 記載奉獻聖壇與首領厚重供物，是建立神國度地基之實體表現。
69,出埃及第 2 年 2 月/摩西 81 歲 / 亞倫 84 歲 / 約書亞 41 歲,「補守逾越節的條例。」民依神命守逾越節，因不潔者可於二月補守，顯神法外開恩。,西乃山,民 9:1-14,"逾越節（Passover）釋義「越過」 (出 12:11)；補守法規應用於希西家王時期之宗教復興 (代下 30:1-3, 15)。",摩賽 5:5-7 記載立約子民守逾越節與補守條例，互為紀念救贖之聖約印證。
70,出埃及第 2 年 2 月 20 日/摩西 81 歲 / 亞倫 84 歲 / 約書亞 41 歲,「雲彩收起離開西乃。」以色列民按營號起行，從西乃的曠野起行，安營在基博羅‧哈他瓦；摩西邀何巴指路，約櫃在前尋安歇處；雲彩收起起行，安營在基博羅‧哈他瓦。,西乃山 → 基博羅‧哈他瓦 (約 40km),民 10:11-36; 33:16,"正式離開西乃，進入巴蘭曠野（含：基博羅‧哈他瓦、哈洗錄、律瑪，律瑪即加低斯附近，加低斯位於尋的曠野 and 巴蘭的曠野之間）。; 起行法理為「雲彩從帳幕收上...以色列人就起行」 (民 9:17)；巴蘭（Paran）釋義「洞穴之地」 (創 21:21)；約櫃在前「尋找安歇的地方」 (民 10:33)。；起行法理包含銀號之運用；兩隻銀號由祭司吹響以招聚會眾或令各營起行；在戰時與節期中作為「在神面前得蒙紀念」之憑據；預表基督降臨之號筒聲 (民 10:2, 8-10；帖前 4:16)。",阿 37:40-41 說明以色列民跟隨雲彩與約櫃引領起行，如同利阿賀拿引導先祖，按信心向前進發。
71,出埃及第 2 年/摩西 81 歲 / 亞倫 84 歲 / 約書亞 41 歲,「百姓發怨言，耶和華聽見了就發怒。」民因路遠發怨，神降火焚燒營邊，摩西祈求火熄，地名他備拉，意為「火焚」。,他備拉 (基博羅‧哈他瓦),民 11:1-3,此地與基博羅‧哈他瓦地理位置重合。; 他備拉（Taberah）釋義「火焚」 (民 11:3)；此審判邏輯與後來「發怨言遭火蛇」一致 (民 21:4-6)；詩篇記載神「在他們中間發火」 (詩 78:21)。；神聽見怨言就發怒；使火在他們中間發作 (詩 78:21)。,阿 37:41 說明百姓因路遠發怨言，導致神聖之火焚燒營邊之管教與管訓。
72,出埃及第 2 年/摩西 81 歲 / 亞倫 84 歲 / 約書亞 41 歲,「誰給我們肉吃呢？」民厭嗎哪而貪慾吃肉，神降鵪鶉由海面颳來，民因貪心暴食遭災，地名基博羅‧哈他瓦，意為「貪慾之墓」。,基博羅‧哈他瓦,民 11:4-35,此地與他備拉地理位置重合。; 基博羅．哈他瓦（Kibroth-hattaavah）釋義「貪欲之塚」 (民 11:34)；神降災過程詳述於《詩篇》 (詩 78:26-31)；此事件作為「不可貪戀惡事」之鑒戒 (林前 10:6)。；神使東風颳在天空；降肉像塵土之多；審判發生於「肉還在牙齒之間」 (詩 78:26-31)；作為「不可貪戀惡事」之鑒戒 (林前 10:6)。,阿 37:42 記載民因貪慾暴食嗎哪之外的肉類，心思偏離神而遭災，形成貪慾之墓。
73,出埃及第 2 年/摩西 81 歲 / 亞倫 84 歲 / 約書亞 41 歲,從基博羅‧哈他瓦起行，安營在哈洗錄。,基博羅‧哈他瓦 → 哈洗錄 (約 30km),民 33:17,哈洗錄（Hazeroth）釋義「院子」或「營寨」 (民 11:35)；為巴蘭曠野中之一站 (民 12:16)。,教約 136:22 記載起行安營每一步骤皆需遵奉主之命令引導。
74,出埃及第 2 年 2 月 20 日以後/摩西 81 歲 / 亞倫 84 歲 / 約書亞 41 歲,「難道耶和華單與摩西說話嗎？」米利暗與亞倫因摩西娶古實女子而毀謗其權威，米利暗長大痲瘋變關營外七天，摩西哀求神醫治。,哈洗錄,民 12:1-16,米利暗因病被關營外七天； 七天 (民 12:1-16); 米利暗（Miriam）釋義「反叛」或「苦澀」；神證實與摩西「面對面說話」 (民 12:8)；毀謗權柄受審事件記載於《申命記》作為警示 (申 24:9)。,摩西 1:18-22 記載米利暗與亞倫毀謗摩西權威而遭長大痲瘋，顯明毀謗神所立之先知必承當公義審判。
75,出埃及第 2 年/摩西 81 歲 / 亞倫 84 歲 / 約書亞 41 歲,從哈洗錄起行，安營在律瑪。,哈洗錄 → 律瑪 (約 80km),民 33:18,律瑪（Rithmah）釋義「羅騰樹」 (民 33:18)；該地植被，羅騰樹同見於以利亞求死記載 (王上 19:4)。,教約 136:23 記載在每一次起行中，神差遣僕人安營在應許之路上。
76,出埃及第 2 年夏季 (約 4-5 月間)/摩西 81 歲 / 亞倫 84 歲 / 約書亞 41 歲 / 迦勒 40 歲,「你們去窺探那地如何。」摩西遣十二探子入迦南，十人回報惡信致民心消化欲回埃及，唯約書亞與迦勒壯志宣信。,加低斯巴尼亞 (巴蘭曠野),民 13:1-14:10,那時正是葡萄初熟的時候 (民 13:20)。迦勒自述「那時我正 40 歲」（書 14:7）。; 迦勒（Caleb）釋義「全心」或「犬」；約書亞（Joshua）釋義「耶和華是拯救」；應驗於約書亞領民入迦南 (書 3:17)；預表進入神應許之安息 (來 4:8-9)。,摩賽 2:36-37 記載探子回報惡信致民心消化，百姓拒絕信賴先知與神之應許，導致靈性漂流與退後。
77,出埃及第 2 年/摩西 81 歲 / 亞倫 84 歲 / 約書亞 41 歲 / 迦勒 40 歲,「你們的屍首必倒在這曠野。」神因民不信，罰其在曠野漂流四十年，凡二十歲以上發怨言者不得入迦南，擅自攻打原民者大敗。,加低斯巴尼亞 (巴蘭曠野),民 14:11-45,加低斯巴尼亞（Kadesh-barnea）釋義「神聖漂流者之地」；刑罰法理為「一日頂一年」 (民 14:34)；此漂流歷史詳述於《詩篇》 (詩 78:32-41)；不信者不得入安息之鑒戒 (來 3:17-19)。；儘管看見神蹟，民仍舊犯罪不信；故神使他們的日子在虛空中度過 (詩 78:32-33)；不信者不得入安息之鑒戒 (來 3:17-19)。,阿 34:34-35 記載發怨言不信者被罰在曠野漂流四十年，屍首倒在曠野，無法進入安息。
78,出埃及第 2 年至第 40 年間/摩西 81 歲 / 亞倫 84 歲 / 約書亞 41 歲 / 迦勒 40 歲,從律瑪起行，安營在立門‧帕列。,律瑪 → 立門‧帕列 (約 25km),民 33:19,立門‧帕列（Rimmon-perez）釋義「石榴的衝破」 (民 33:19)。,教約 136:24 記載在曠野各站安營時，必須完全依循上天之命令與尺度。
79,出埃及第 2 年至第 40 年間/摩西 81 歲 / 亞倫 84 歲 / 約書亞 41 歲 / 迦勒 40 歲,「有一個人在安息日撿柴。」在曠野時有人違誡撿柴，神命全眾在營外用石頭將其打死，確立安息日之嚴正性。,立門‧帕列,民 15:32-36,安息日罰則執行「凡在安息日作工的，必被治死」之法規 (出 31:14-15)；與新約安息日主權辯論形成對照 (太 12:1-8)。,教約 59:9-10 重新確立安息日之嚴正性，凡違背聖日者在法理上等同於切斷與聖約之聯繫。
80,出埃及第 2 年至第 40 年間/摩西 81 歲 / 亞倫 84 歲 / 約書亞 41 歲 / 迦勒 40 歲,從立門‧帕列起行，安營在立拿。,立門‧帕列 → 立拿 (約 15km),民 33:20,立拿（Libnah）釋義「潔白」 (民 33:20)。,教約 136:21 記載聖徒在旅途中不可停止前進，每一步皆由安營地向新站推進。
81,出埃及第 2 年至第 40 年間/摩西 81 歲 / 亞倫 84 歲 / 約書亞 41 歲 / 迦勒 40 歲,「可拉聚集首領攻擊摩西亞倫。」可拉黨叛亂覬覦祭司職，神使地開口吞滅其家室，另有火焚毀獻香之首領二百五十人。,立拿,民 16:1-50,"可拉（Korah）釋義「禿頭」；地裂吞滅法理應驗 (民 16:31-33)；可拉後裔未滅絕應驗於聖殿歌唱職事 (民 26:11, 詩 42:標題)；作為「背叛權柄」之末世鑒戒 (猶 1:11)。；可拉黨所用之銅火鼎被錘成薄片包在祭壇上；作為對以色列人的「記號」與警告；此法律限制非亞倫後裔不可近前燒香 (民 16:37-40)；後應用於審判烏西雅王強行燒香事件 (代下 26:16-21)。",教約 121:34-36 說明可拉黨覬覦祭司職權、聚集攻擊先知，因濫用肉體私慾而遭地裂吞滅之嚴厲審判。
82,出埃及第 2 年至第 40 年間/摩西 81 歲 / 亞倫 84 歲 / 約書亞 41 歲 / 迦勒 40 歲,「看哪，亞倫的杖發了芽。」神命各首領取杖放法櫃前，亞倫之杖竟發芽開花結杏，以此止息民對祭司權柄的爭鬧。,立拿 → 勒撒 (約 20km),民 17:1-13,；亞倫（Aharon）釋義「山中之光」；發芽之杖與嗎哪、法版同存於約櫃內 (來 9:4)；亞倫之杖發芽、生苞、開花、結熟杏；其原文杏（Shaqed）字根具「留意、守候」之意；與耶利米所見杏樹枝異象呼應；象徵神留意保守其話語成就 (民 17:8；耶 1:11-12)。,教約 84:17-18 記載亞倫之杖發芽開花，是上天用物理神蹟印證聖職權柄正統性之硬證據。
83,出埃及第 2-3 年間/摩西 81-82 歲 / 亞倫 84-85 歲 / 約書亞 41-42 歲,「頒佈：祭司職分與聖物份量法」確立祭司事奉的應得份量與神聖界線。,加低斯巴尼亞,民 18:8-19,法源：民 18:8-19；關聯：以利的孩子強搶尚未獻祭的脂油致遭咒詛 (撒上 2:12-17)。,教約 84:32-34 記載祭司職分的事奉應得份量、供物與神聖事工的事奉界線。
84,出埃及第 2-3 年間/摩西 81-82 歲 / 亞倫 84-85 歲 / 約書亞 41-42 歲,「頒佈：頭生子贖回法」確立凡頭生的必歸給主並需付贖銀的法理。,加低斯巴尼亞,民 18:15-16,法源：民 18:15-16；關聯：約瑟瑪利亞按律法帶嬰孩耶穌進殿奉獻贖回 (路 2:22-24)。,教約 22:1-3 確立首生子贖回法理在律法中的永恆立約地位。
85,出埃及第 2-3 年間/摩西 81-82 歲 / 亞倫 84-85 歲 / 約書亞 41-42 歲,「頒佈：紅母牛灰潔淨禮」確立藉由紅母牛灰除去接觸死亡污穢的潔淨法。,加低斯巴尼亞,民 19:1-22,法源：民 19:1-22；關聯：基督的血洗淨良心除去死行 (來 9:13-14)。,教約 124:38-39 說明紅母牛灰之潔淨禮儀，與後期時代洗禮、聖殿除罪潔淨之法理具有內在一致性。
86,出埃及第 2 年至第 40 年間/摩西 81-119 歲 / 亞倫 84-122 歲,從立拿起行，安營在勒撒。,勒撒,民 33:21,"勒撒（Hebrew: רִסָּה, Rissah）釋義「露水」或「廢墟」。",
87,出埃及第 2 年至第 40 年間/摩西 81-119 歲 / 亞倫 84-122 歲,從勒撒起行，安營在基希拉他。,勒撒 → 基希拉他 (約 18km),民 33:22,"基希拉他（Hebrew: קְהֵלָתָה, Kehelathah）釋義「集會地」。",
88,出埃及第 2 年至第 40 年間/摩西 81-119 歲 / 亞倫 84-122 歲,從基希拉他起行，安營在沙斐山。,基希拉他 → 沙斐山 (約 22km),民 33:23,"沙斐山（Hebrew: הַר־שָׁפֶר, Mount Shepher）釋義「壯麗之山」。",
89,出埃及第 2 年至第 40 年間/摩西 81-119 歲 / 亞倫 84-122 歲,從沙斐山起行，安營在哈拉大。,沙斐山 → 哈拉大 (約 15km),民 33:24,"哈拉大（Hebrew: חֲרָדָה, Haradah）釋義「恐懼」。",
90,出埃及第 2 年至第 40 年間/摩西 81-119 歲 / 亞倫 84-122 歲,從哈拉大起行，安營在瑪吉希錄。,哈拉大 → 瑪吉希錄 (約 25km),民 33:25,"瑪吉希錄（Hebrew: מַקְהֵלֹת, Makheloth）釋義「聚會處」。",
91,出埃及第 2 年至第 40 年間/摩西 81-119 歲 / 亞倫 84-122 歲,從瑪吉希錄起行，安營在他哈。,瑪吉希錄 → 他哈 (約 12km),民 33:26,"他哈（Hebrew: תַּחַת, Tahath）釋義「在...之下」。",
92,出埃及第 2 年至第 40 年間/摩西 81-119 歲 / 亞倫 84-122 歲,從他哈起行，安營在他拉。,他哈 → 他拉 (約 10km),民 33:27,"他拉（Hebrew: תֶּרַח, Terah）釋義「車站」或「轉向」。",
93,出埃及第 2 年至第 40 年間/摩西 81-119 歲 / 亞倫 84-122 歲,從他拉起行，安營在密加。,他拉 → 密加 (約 20km),民 33:28,"密加（Hebrew: מִ特ְקָה, Mithcah）釋義「甜美」。",
94,出埃及第 2 年至第 40 年間/摩西 81-119 歲 / 亞倫 84-122 歲,從密加起行，安營在哈摩拿。,密加 → 哈摩拿 (約 15km),民 33:29,"哈摩拿（Hebrew: חַשְׁמֹנָה, Hashmonah）釋義「肥沃」。",
95,出埃及第 2 年至第 40 年間/摩西 81-119 歲 / 亞倫 84-122 歲,從哈摩拿起行，安營在摩西錄。,哈摩拿 → 摩西錄 (約 22km),民 33:30,"摩西錄（Hebrew: מֹסֵרוֹת, Moseroth）釋義「束縛」。亞倫壽終埋葬地（申 10:6）。",
96,出埃及第 2 年至第 40 年間/摩西 81-119 歲 / 亞倫 84-122 歲,從摩西錄起行，安營在比尼‧亞干。,摩西錄 → 比尼‧亞干 (約 18km),民 33:31,"比尼‧亞干（Hebrew: בְּנֵי יַעֲקָן, Bene-jaakan）釋義「亞干之子」。",
97,出埃及第 2 年至第 40 年間/摩西 81-119 歲 / 亞倫 84-122 歲,從比尼‧亞干起行，安營在哈‧哈及甲。,比尼‧亞干 → 哈‧哈及甲 (約 12km),民 33:32,"哈‧哈及甲（Hebrew: חֹר הַגִּדְגָּד, Hor-haggidgad）釋義「切割之山」。",
98,出埃及第 2 年至第 40 年間/摩西 81-119 歲 / 亞倫 84-122 歲,從哈‧哈及甲起行，安營在約巴他。,哈‧哈及甲 → 約巴他 (約 25km),民 33:33,"約巴他（Hebrew: יָטְבָתָה, Jotbathah）釋義「美好」；地理特徵為「有河溪之地」（申 10:7）。",
99,出埃及第 2 年至第 40 年間/摩西 81-119 歲 / 亞倫 84-122 歲,從約巴他起行，安營在阿博拿。,約巴他 → 阿博拿 (約 20km),民 33:34,"阿博拿（Hebrew: עַבְרֹנָה, Abronah）釋義「過渡」或「渡口」。",
100,出埃及第 2 年至第 40 年間/摩西 81-119 歲 / 亞倫 84-122 歲,從阿博拿起行，安營在以旬‧迦別。,阿博拿 → 以旬‧迦別 (約 35km),民 33:35,"以旬‧迦別（Hebrew: עֶצְיוֹן גֶּבֶ營, Ezion-geber）釋義「巨人的背脊」。",
101,出埃及第 40 年 1 月/摩西 119 歲 / 亞倫 122 歲 / 約書亞 79 歲 / 迦勒 78 歲,從以旬‧迦別起行，安營在尋的曠野，就是加低斯巴尼亞；米利暗死葬於此。民無水爭鬧，摩西激憤擊石，神判其不得入迦南。,以旬‧迦別 → 加低斯巴尼亞 (約 120km),民 33:36; 20:1-13,"加低斯（Hebrew: קָדֵשׁ, Kadesh）。民 20:12「因為你們不信我，不在以色列人眼前尊我為聖，所以你們必不能領這會眾進我所賜給他們的地。」林前 10:4「那磐石就是基督。」",教約 84:23-25「摩西在曠野中努力聖化百姓，好使他們能看見神的面；但他們硬心……因此，主在烈怒中從他們中間取走更高聖職。」百姓硬心導致權柄被收回。
102,出埃及第 40 年/摩西 119 歲 / 亞倫 122 歲 / 約書亞 79 歲 / 迦勒 78 歲,從加低斯起行，安營在何珥山，在以東地的邊界。,加低斯巴尼亞 → 何珥山 (約 60km),民 33:37,"何珥山（Hebrew: הֹר הָהָר, Mount Hor）釋義「山中之山」。",
103,出埃及第 40 年 5 月 1 日/摩西 119 歲 / 亞倫 123 歲 / 約書亞 79 歲 / 迦勒 78 歲,摩西領亞倫與以利亞撒上何珥山，亞倫斷氣前將聖衣傳予其子以利亞撒，以色列全家哀哭三十天。,何珥山,民 20:22-29; 33:38,"亞倫死於五月初一日，享壽 123 歲。亞倫（Hebrew: אַהֲרֹن, Aharon）釋義「山中之光」。來 7:23「那些成為祭司的，數目本來多，是因為有死阻隔不能長久。」實體聖衣轉移交代了屬地大祭司職任的更換。",教約 84:18「這聖職……是沒有生之始，也沒有命之終的。」教約 42:11「除非經由合法的權柄，……否則任何人都不允許前去傳教或建立我的教會。」此處記錄聖職實體交接秩序。
104,出埃及第 40 年/摩西 119 歲 / 約書亞 79 歲 / 迦勒 78 歲,住南地的迦南人亞拉得王攻擊以色列人，民向神發願後大勝，毀滅其城，地名何珥瑪。,何珥瑪 (南地),民 21:1-3,"何珥瑪（Hebrew: חָרְמָה, Hormah）釋義「毀滅」或「聖別歸神」。民向神起誓奉獻其城，蒙垂聽而獲勝。",
105,出埃及第 40 年/摩西 119 歲 / 約書亞 79 歲 / 迦勒 78 歲,以色列人從何珥山起行，安營在撒摩拿。,何珥山 → 撒摩拿 (約 150km),民 33:41,"撒摩拿（Hebrew: צַלְมֹנָה, Zalmonah）釋義「陰涼」或「影像」。",
106,出埃及第 40 年 6 月以後/摩西 119 歲 / 約書亞 79 歲 / 迦勒 78 歲,民因路難行怨神及摩西，神降火蛇咬死多人，摩西掛青銅蛇於杆上，凡仰望者皆得醫治。,撒摩拿,民 21:4-9,約 3:14-15「摩西在曠野怎樣舉蛇，人子也必照樣被舉起來，叫一切信他的都得永生。」青銅蛇為基督受難十架、直視得活之據。,阿 33:19-22「只要他們看，他們就能活；……許多人因為這路途容易，竟不願看。」阿 37:46「不要因為路途容易而懶惰。」尼尼一 17:41「他預備了一條道路，只要他們用眼睛看，就能痊癒。」
107,出埃及第 40 年/摩西 119 歲 / 約書亞 79 歲 / 迦勒 78 歲,從撒摩拿起行，安營在普嫩。,撒摩拿 → 普嫩 (約 30km),民 33:42,"普嫩（Hebrew: פוּנֹن, Punon）釋義「礦石坑」。此地為大型銅礦冶煉遺址，地理上銜接前站掛青銅蛇之物質材料。",
108,出埃及第 40 年/摩西 119 歲 / 約書亞 79 歲 / 迦勒 78 歲,從普嫩起行，安營在阿博。,普嫩 → 阿博 (約 35km),民 33:43,"阿博（Hebrew: אֹבֹת, Oboth）釋義 possessions 或「皮水袋」或「巫覡」。",
109,出埃及第 40 年/摩西 119 歲 / 約書亞 79 歲 / 迦勒 78 歲,從阿博起行，安營在以耶‧亞巴琳，在摩押的邊界。,阿博 → 以耶‧亞巴琳 (約 40km),民 33:44,"以耶‧亞巴琳（Hebrew: עִיֵּי הָעֲבָרִים, Iye-abarim）釋義「亞巴琳的荒堆」。",
110,出埃及第 40 年/摩西 119 歲 / 約書亞 79 歲 / 迦勒 78 歲,亞摩利王西宏不容民經過並出兵攻擊，民在雅渣擊敗之，奪取其城邑地土。,雅渣 (亞摩利地),民 21:21-32,"雅渣（Hebrew: יַהַץ, Jahaz）釋義「爭戰之地」。詩 136:19「殺了亞摩利王西宏，因他的慈愛永遠長存。」",
111,出埃及第 40 年/摩西 119 歲 / 約書亞 79 歲 / 迦勒 78 歲,巴珊王噩率眾出擊，民在以得來擊殺噩與其全軍，奪取巴珊全地。,以得來 (巴珊地),民 21:33-35,"以得來（Hebrew: אֶדְרֶעִי, Edrei）釋義「強壯」。詩 136:20「又殺了巴珊王噩，因他的慈愛永遠長存。」",
112,出埃及第 40 年/摩西 119 歲 / 約書亞 79 歲 / 迦勒 78 歲,從以耶‧亞巴琳起行，安營在底本‧迦得。,以耶‧亞巴琳 → 底本‧迦得 (約 15km),民 33:45,"底本‧迦得（Hebrew: דִּיבֹן גָּד, Dibon-gad）釋義「憔悴之幸運」。",
113,出埃及第 40 年後期/摩西 120 歲,在摩押平原處理西羅非哈女兒因家族無男子而提出之產業繼承請求。,摩押平原,民 27:1-11,民 27:4「為什麼因我們父親沒有兒子，他的名就從他族中除掉呢？求你們在我們父親的弟兄中分給我們產業。」奠定家族地業不可流失之法。,教約 25:2-4「妳是我女兒……妳若忠信，行步正直，我就保全妳的生命，並在以色列中分給妳產業。」女性在神前享有合法神聖立約之永恆產業承接權。
114,出埃及第 40 年後期/摩西 120 歲,頒佈許願與還願法規，規範向耶和華許願時口頭誓言具備法律契約效力。,摩押平原,民 30:1-16,民 30:2「人若向耶和華許願或起誓，要約束自己，就不可食言，必要照口中所出的一切話行。」口頭宣誓具備神聖不可撤銷性。,教約 82:10「我，主，在你們行我所說的話時，是被約束的；但是你們不行我所說的話時，你們就得不到應許。」天條聖約之雙向約束。
115,出埃及第 40 年後期/摩西 120 歲,完善同支派通婚保地業之繼承法，確保西羅非哈女兒地業留在瑪拿西支派內。,摩押平原,民 36:1-12,民 36:7「這樣，以色列人的產業就不從這支派流到那支派，因為以色列人各要守住他祖宗支派的產業。」避免跨支派造成地業流失與破碎化。,教約 132:19「這約是合法的且有效的，不論在世上或世外……經由按手與指定，都在我的班次和秩序中。」永恆基業必須在合法班次秩序內傳承。
116,出埃及第 40 年/摩西 119 歲 / 約書亞 79 歲 / 迦勒 78 歲,從底本‧迦得起行，安營在亞門‧低比拉太音。,底本‧迦得 → 亞門‧低比拉太音 (約 10km),民 33:46,亞門‧低比拉太音（Almon-diblathaim）釋義「藏匿的無花果餅」 (民 33:46)。,
117,出埃及第 40 年/摩西 120 歲,從亞門‧低比拉太音起行，安營在尼波對面的亞巴琳山裡。,亞門‧低比拉太音 → 亞巴琳山 (約 12km),民 33:47,亞巴琳山（Mountains of Abarim）釋義「通過去的彼岸」 (民 33:47)；此處為神吩咐摩西登高觀看應許地並宣告其終點之處（民 27:12）。,阿 45:19「祂是用靈將他接去了」與 摩西 1:1「摩西被接去到一座極高山上」相互銜接，此地理高山宣告與摩西「被提升/Translated」而非普通死亡之歷史事實有法理關聯。
118,出埃及第 40 年/摩西 120 歲,從亞巴琳山起行，安營在摩押平原、約旦河邊、耶利哥對面。沿約旦河安營，從伯‧耶希末直到亞伯‧什亭。,亞巴琳山 → 摩押平原 (從伯‧耶希末直到亞伯‧什亭，約 15km),民 33:48-49,抵達摩押平原。地理界線從伯‧耶希末（意為「荒涼之家」）直到亞伯‧什亭（意為「皂莢木之谷」）。,留空
119,出埃及第 40 年/摩西 120 歲,摩押王巴勒請巴蘭咒詛以色列民，神使驢開口阻攔，巴蘭見法術不行，轉向曠野，反倒連發四次祝福預言。,摩押平原 (什亭),民 22:1-24:25,什亭（Shittim）釋義「皂莢木」；巴蘭之誘惑（民 22:17）預表因貪財按操弄神聖恩賜的假先知典型。,教約 121:37 宣告當人滿足「無知的野心」或實行不正義的控制，「諸天就撤回，主的靈憂傷……那人的聖職或權柄也就結束了」；巴蘭因貪圖利益與尊榮出賣超自然恩賜，於歷史中完全啟動此法理判決。
120,出埃及第 40 年/摩西 120 歲,民受誘與摩押女子行淫並祭拜假神巴力毘珥，神降瘟疫死二萬四千人，非尼哈以槍刺殺背道者止息神怒。,摩押平原 (什亭),民 25:1-18,巴力毘珥（Baal-peor）釋義「破口之主」；因肉體行淫導致靈性背叛聖約。,民 25:1-9 記述看見外邦婦女而動淫念行淫者被神降旨剪除，其律法公義直接對齊 教約 42:23「凡看見婦女性就動淫念的，必否認信仰……他若不悔改，就要被趕出去」所定之法律後果。
121,出埃及第 40 年/摩西 120 歲,神命第二次數點民數，共六十萬一千體百三十名，二十歲以上僅存約書亞與迦勒為首代倖存者。,摩押平原 (什亭),民 26:1-65,第二次民數記數點確認第一代因不信全數倒斃曠野，由新一代重新登記以合法繼承產業。,第一代因不信而在曠野被抹除名冊之歷史事實，應驗了 教約 84:24「主在烈怒中，從他們中間取走更高聖職……那不信的子孫不能進入祂的安息」的法理宣告。
122,出埃及第 40 年/摩西 120 歲,西羅非哈的女兒來到摩西面前為父求產業，神立定女子繼承產業之律：若無子，產業歸女兒。,摩押平原 (什亭),民 27:1-11,西羅非哈（Zelophehad）釋義「第一胎的恐懼」；神立定女子產業繼承法理。,民 27:7 神親自確立女性在聖約制度中享有合法且獨立的產業承接權，與 教約 25:2-4 授予女性在以色列中分配、光大產業與職分之律法權益契合。
123,出埃及第 40 年/摩西 120 歲,神曉諭摩西死期將至，命其領約書亞在祭司與全眾面前按手授權，使其接續領導職分。,摩押平原 (什亭),民 27:12-23,約書亞（Joshua）釋義「耶和華是拯救」；摩西奉命公開按手，轉移管理權柄。,摩西在全眾面前公開按手轉移權柄，為聖職管理權移轉的歷史源頭，符合 教約 42:11 所確立的體制：「除非經由合法權柄，且由教會領袖合法按手選派，並為教會所公認，否則任何人不得……建立管轄權。」
124,出埃及第 40 年/摩西 120 歲,萬二千人擊殺米甸五王與術士巴蘭，除掉使民陷於淫亂之根，並帶回極多戰利品。,摩押平原 (什亭),民 31:1-54,米甸（Midian）釋義「爭戰」或「審判」；徹底剪除利用邪術敗壞選民聖約的外部罪惡根源。,巴蘭與米甸利用宗教和邪術圖利並敗壞選民聖約（民 31:16），完全符合 阿 1:12 對於「祭司術」的定罪與定性，兩部經典皆判定此等罪行必導致徹底毀滅，必須依法厲行剪除。
125,出埃及第 40 年/摩西 120 歲,流便和迦得支派因牲畜極多求取河東為業，承諾必先武裝過河助同胞奪地後才歸家。,摩押平原 (什亭),民 32:1-42,確立了「先公後私、肢體同工」的法律契約。即使提前獲地，仍須履行武裝幫助同胞奪地的責任。,河東支派不得因自身財產富足而免除共同開拓責任的契約，與 教約 82:11「用誓約將自己綁定……讓各人為其同胞的利益而工作」的群體聖約法理一致。
126,出埃及第 40 年 11 月 1 日/摩西 120 歲 / 約書亞 79 歲 / 迦勒 78 歲,出埃及第四十年十一月初一日，摩西在約旦河東的曠野向以色列人講論律法，重申歷史，回顧西奈起行、探子事件與曠野漂流，勉勵新一代。,摩押平原 (什亭),申 1:1-4:43,申命記（Deuteronomy）希伯來名 Devarim 意為「話語」；先知在離世前對守約新一代全面重申聖約。,最高先知在時代更迭之際對全體選民複述聖約歷史以作為新世代立約根本法理，對齊 教約 20:21-22 宣告主給古時先知誡命、以祂的話語來帶領並建立時代傳承的先知機制。
127,出埃及第 40 年 11 月/摩西 120 歲,摩西再述十誡，宣告「示瑪」（Shema）核心信仰，誡民盡心盡性愛神，並將這話繫在手上、戴在額上。,摩押平原 (什亭),申 5:1-6:25,十誡與「示瑪」（Shema，意為聽從）核心宣告；呼籲將話繫於手、戴於額，使全人活在律法中。,摩西重申西奈山十誡法律原文以作為立約根本，與 摩賽 13:11-25 記述先知阿賓納代在背道宮廷與祭司面前逐條重申十誡、以成文律法作為公義審判依据的法律機制完全相同。
128,出埃及第 40 年 11 月/摩西 120 歲,提醒民進入豐饒之地後不可忘記曠野的試煉，不可因心驕氣傲而忘記領路施恩的神。,摩押平原 (什亭),申 8:1-20,揭示曠野降卑試煉的根本目的：「人活著不是單靠食物，乃是靠耶和華口裡所出的一切話」 (申 8:3)。,申 8:3 以嗎哪試煉選民對神之話語的服從，與 阿 37:38-40 記述利阿賀拿的運作法理相同，皆要求選民將屬物標記轉化為屬靈信心，寄託於神所賜的微小指引而活。
129,出埃及第 40 年 11 月/摩西 120 歲,神命民入迦南後，要在基利心山宣讀祝福、以巴路山宣鍵咒詛，使全眾同心回應「阿們」。,摩押平原 (什亭),申 11:26-32,基利心山（Mount Gerizim）與以巴路山（Mount Ebal）；神將祝福與咒詛以地理性對立的方式陳明。,守約得祝福、違約承受咒詛的雙軌宣告，與 阿 3:26 所確立的選擇權法理相符：「按照他們的工作，或得快樂，或得痛苦……他們都承受他們的工資，並各人得到他願意服從的那個靈。」
130,出埃及第 40 年 11 月/摩西 120 歲,摩西宣告彌賽亞先知預言：神將從他們弟兄中間，給他們興起一位像摩西的先知，民務要聽從祂的話。,摩押平原 (什亭),申 18:15-22,歷史上最具指標性的彌賽亞直接預言（像摩西的先知）；不聽從該先知話語者，將在律法上被神親自追討。,申 18:15 的預言在 尼三 20:23 中獲得復活主耶穌基督在美地的親口宣告與法理確認：「我就是摩西所說的那位先知……凡祂向你們所說的一切話，你們都要聽從。」
131,出埃及第 40 年 11 月/摩西 120 歲,摩西將律法寫出來交付利未子孫與長老，命民每逢七年住棚節要在全眾面前宣讀，使後代學習敬畏神。,摩押平原 (什亭),申 31:1-13,制定七年定期在住棚節宣讀律法書的法律程序，確保核心信仰世代傳承。,申 31:10-12 制定在特定節期全眾聚集聆聽先知領袖宣讀神聖法律之體制，與 摩賽 2:5-6 記述全體尼腓人面向聖殿周圍搭帳篷、集體聆聽便雅憫王宣講律法的群體體制完全一致。
132,出埃及第 40 年 11 月/摩西 120 歲,神召摩西與約書亞入會幕，預言民日後必背約，命摩西作歌教導以色列人作為見證。,摩押平原 (什亭),申 31:14-32:47,摩西之歌（申 32 章）；此歌作為神聖的法律訴狀與歷史見證，用以在未來世代以色列人背道時，作為定罪的法律依據。,寫下成文預言歌詠作為對抗未來選民背道、確立神聖公義審判的法律見證機制，與 教約 1:39「看啊，主是神，靈為它作證，因此這見證是真的」之成文見證法理相通。
133,出埃及第 40 年 11 月後期/摩西 120 歲,神人摩西在死以前為以色列各支派一一發言祝福，論述神的威嚴與對民的守護。,摩押平原 (什亭),申 33:1-29,先知/族長臨終前，運用大祭司與先知權柄對各支派發放的末後大祝福。,摩西臨終前運用最高聖職權柄向各支派發放最後大祝福，確立了先知/族長職分之歷史秩序，與 教約 107:53 記述亞當在亞當安大安曼谷召集正義後裔宣布最後祝福（族長祝福）的體制一致。
134,出埃及第 40 年 11 月底至 12 月/摩西 120 歲,摩西登尼波山遠眺應許之地，隨後死於摩押地，神將其安葬（被接走）；以色列人為其哀哭三十日。,摩押平原 → 尼波山 (毗斯迦山頂),申 34:1-8,尼波山（Mount Nebo）；聖經記述「耶和華將他葬在……只是至今沒有人知道他的墳墓。」（申 34:6）,申 34:6 提及無人知其墳墓之歷史紀錄，在 阿 45:19 得到明確的法理闡釋與謎底揭曉：「聖經說主埋葬了摩西……但看啊，我們看來，祂是用靈將他接去了（Translated）。」證實其為被提升狀態。
135,出埃及第 40 年 12 月底至第 41 年正月初/摩西 120 歲已逝 / 約書亞 79 歲接棒,嫩的兒子約書亞因摩西曾按手在他頭上，就滿有智慧的靈；以色列人便聽從他，交棒完成，進入新領袖時代。,摩押平原 (什亭),申 34:9-12,約書亞（Joshua）釋義「耶和華是拯救」；因摩西按手而滿有智慧的靈，確立權柄轉移的法律事實。,約書亞因合法按手承接管理權，完全契合 信條第 5 條「人必須蒙神召喚，藉著預言和有權柄者的按手選派」及 教約 107:65 的管理權柄繼承與選派秩序。
136,出埃及第 40 年 12 月 / 約書亞 79 歲 / 迦勒 78 歲,「耶和華的僕人摩西死了以後。」耶和華勉勵約書亞剛強壯膽，應許凡他們腳掌所踏之地都要賜給他們，命其晝夜思想律法書。,摩押平原(什亭),書 1:1-9,「若是約書亞已經叫他們開了安息，後來神就不再提別的日子了。這樣看來，必另有一安息日的安息為神的子民留著。」(來 4:8-9)。約書亞希伯來文為 Yeshua，意為「耶和華是拯救」，與新約「耶穌」同名。,《經文指南》「約書亞」：嫩的兒子，繼摩西之後成為以色列的領袖。
137,出埃及第 41 年 1 月 / 約書亞 80 歲 / 迦勒 79 歲,「當下，嫩的兒子約書亞從什亭暗暗打發兩個人作探子。」探子窺探耶利哥，蒙妓女喇合藏匿於屋頂麻稓中並藉紅繩縋下縋城逃脫。,耶利哥,書 2:1-24,耶利哥釋義「芬香」或「月亮之城」。喇合名列耶穌基督家譜 (太 1:5)。「妓女喇合因著信，曾和和平平地接待探子，就不與那些不順從的人一同滅亡。」(來 11:31)；「妓女喇合接待使者，又放他們從別的路上出去，不也是一樣因行為稱義嗎？」(雅 2:25)。,
138,出埃及第 41 年 1 月 10 日 / 約書亞 80 歲 / 迦勒 79 歲,「國民盡都過了約旦河。」祭司抬約櫃踏入約旦河，河水在極遠之處停住，全眾涉乾地過河，並從河底與河岸各取十二塊石頭立碑紀念。,什亭 → 約旦河 → 吉甲 (約 15km),書 3:1-17; 4:1-24,正月初十日過約旦河。此時值正月初春大麥收割，黑門山融雪使約旦河水漲過兩岸，全谷洪氾平原寬達 1.5 至 3 公里。神使北上直線約 32-35 公里（實際蛇行河道長達 90-100 公里）之亞當城河水斷流立起成壘，下游直達鹽海（死海）之水完全斷絕。百萬人口與輜重得以乾地齊頭並進、迅速跨越。「本月初十日，各人要按著父家取羊羔，一家一隻。」(出 12:3)。岸上吉甲立十二石，河底亦另立十二石：「約書亞另外把十二塊石頭立在約旦河中，在抬約櫃的祭司腳站立的地方；直到今日，那石頭還在那裡。」(書 4:9)。約旦河釋義「從上流下」或「受判之地」；吉甲釋義「滾動」。,「先知……公開見證他要看見一位神的羔羊，祂將除去世人的罪，祂要在水裡受洗。看啊，如果神的羔羊，祂是聖潔的，尚且需要在水裡受洗，以盡諸般的義……」(尼二 31:4-5)；「來吧，不要害怕，拋棄每一樣罪……與祂立約……在洗禮的水裡洗淨你們的罪」(阿 7:14)。
139,出埃及第 41 年 1 月 14 日 / 約書亞 80 歲 / 迦勒 79 歲,「以色列人在吉甲安營。正月十四日晚上，在耶利哥的平原守逾越節。」吃了當地出產後第二日嗎哪止降，在吉甲為新生代行割禮。,吉甲,書 5:1-12,地名來源與歷史原文：「耶和華對約書亞說：『我今日將埃及的羞辱從你們身上滾去了。』因此，那地方名叫吉甲，直到今日。」(書 5:9)。正月十四守逾越節，十六日嗎哪止降。此時距出埃及屆滿四十年：「以色列人吃嗎哪共四十年，直到進了有人居住之地，就是迦南地的邊界。」(出 16:35)。,「割禮之律法已經廢除，使律法在基督裡成全」(教約 74:6)；「基督……說：……割禮的律法在基督裡已成全並廢除了。」(乃 8:8)
140,出埃及第 41 年 1 月以後 / 約書亞 80 歲 / 迦勒 79 歲,「約書亞靠近耶利哥的時候，舉目觀看，見有一個人手裡有拔出來的刀。」約書亞俯伏下拜，奉命將腳上的鞋脫下，因所站是聖地。,吉甲 → 耶利哥 (約 3km),書 5:13-15,「耶和華軍隊的元帥對約書亞說：『把你腳上的鞋脫下來，因為你所站的地方是聖的。』約書亞就照著行了。」(書 5:15)；「神說：『不要近前來。當把你腳上的鞋脫下來，因為你所站的地方是聖地』」(出 3:5)。,JST 出 3:5 註腳、摩西 1:41 / 罕 1:16：在未入肉身前顯現並宣告聖地的「耶和華軍隊元帥」，即為前生基督。
141,出埃及第 41 年 1 月 14 日 / 約書亞 80 歲 / 迦勒 79 歲,「第七日清晨，黎明的時候，他們起來，照樣繞城七次。」祭司抬櫃吹角，眾百姓大聲呼喊，耶利哥城牆全塌，全城毀滅唯救喇合家。,耶利哥(城外),書 6:1-27,「以色列人因著信，圍繞耶利哥城七日，城牆就倒塌了。」(來 11:30)。,「讓每個人都站在他自己的職位上，在自己的崗位上勞作；……好使全體能保持完整」(教約 84:109-110)。
142,出埃及第 41 年 1 月 21 日前後 / 約書亞 80 歲 / 迦勒 79 歲,「以色列人在當滅的物上犯了罪。」因猶大支派的亞干私藏耶利哥戰利品，導致以色列軍攻打艾城時敗退，三十六人陣亡，全軍心消化。,耶利哥 → 艾城 (約 17km),書 7:1-15,亞干釋義「連累者」或「麻煩」。「以色列人在當滅的物上犯了罪；因為猶大支派中……扎巴底的孫子，迦米的兒子亞干取了當滅的物；耶和華的怒氣就向以色列人發作。」(書 7:1)。初代教會亞拿尼亞和撒非喇私留銀錢（徒 5:1-11）。,教約 42:31-37 關於奉獻律法與處理私自截留、隱瞞公共奉獻物之懲罰條例。
143,出埃及第 41 年 / 約書亞 80 歲 / 迦勒 79 歲,「於是眾人用石頭打死他。」掣籤查出亞干後，約書亞領眾人將亞干及其物件帶到亞割谷，用石頭打死並用火焚燒，堆起大石堆。,亞割谷 (亞干事件),書 7:16-26,亞割谷釋義「連累之谷」。「約書亞說：『你為什麼連累我們呢？今日耶和華必連累你。』於是以色列眾人用石頭打死他……因此那地方名叫亞割谷，直到今日。」(書 7:25-26)。「亞割谷必變為牛群躺臥之處」(賽 65:10)、「賜她葡萄園，又賜她亞割谷作為盼望的門」(何 2:15)。,
144,出埃及第 41 年 / 約書亞 80 歲 / 迦勒 79 歲,「約書亞就向城伸出手裡的短槍。」約書亞奉命重整軍隊，設伏兵於艾城後方，佯裝敗退引出敵軍，最終前後夾擊全殲艾城居民。,艾城,書 8:1-29,艾城釋義「荒堆」。「耶和華對約書亞說：『你向艾城伸出手裡的短槍，因為我要將艾城交在你手裡。』約書亞就向城伸出手裡的短槍。」(書 8:18)。,
145,出埃及第 41 年 / 約書亞 80 歲 / 迦勒 79 歲,「那時，約書亞在以巴路山上為耶和華——以色列的神築一座壇。」用未動鐵器的整石頭築壇獻祭，並將摩西律法抄寫在石頭上宣讀。,以巴路山 / 基利心山,書 8:30-35,「那時，約書亞在以巴路山上為耶和華……築一座壇，是用沒有動過鐵器的整石頭築的，照著摩西律法書上所寫的」(書 8:30-31)；「你們過了約旦河，就要在以巴路山上照我今日所吩咐的，將這些石頭立起來」(申 27:4)；(加 3:13)。,
146,出埃及第 41-42 年間,「以色列人受了他們些食物，並沒有求問耶和華。」基遍人因懼怕而穿著破舊鞋服假冒遠客來求和，以色列民未求問神便與之立約。,吉甲 → 基遍 (約 10km),書 9:1-27,基遍釋義「丘陵城市」。「以色列人受了他們些食物，並沒有求問耶和華。於是約書亞與他們講和，與他們立約，容他們活著」(書 9:14-15)。(箴 3:5-6)。,
147,出埃及第 41-42 年間,「日頭在天當中停住，不急速下落，約有一日。」南方五王聯軍圍攻基遍，約書亞連夜從吉甲上去突襲，大雨雹殺敵，日頭為之停留。,吉甲 → 基遍 (約 10km),書 10:1-15,「日頭在天當中停住，不急速下落，約有一日。在這日以前，這日以後，耶和華聽人的禱告，沒有像這日的，那是因為耶和華為以色列爭戰。」(書 10:13-14)。,「太陽就倒退，或停住不落……」(曼 12:14-15)
148,出埃及第 41-42 年間,「把你的腳踏在這些王的頸項上。」五王逃入馬基大洞，約書亞命人封洞，战後拉出五王令軍長踐踏其頸項並擊殺懸掛，連克南方諸城。,基遍 → 亞雅崙谷 (約 15km),書 10:16-43,「約書亞……對以色列眾人說：『近前來，把你的腳踏在這些王的頸項上。』他們就近前來，把腳踏在他們的頸項上。」(書 10:24)。(詩 110:1、羅 16:20)。,
149,出埃及第 42-46 年間,「約書亞就照裝耶和華所吩咐他的去行，砍斷他們馬的蹄筋。」北方夏瑣王組織龐大聯軍對抗，約書亞突襲米倫水邊大破之並焚燒夏瑣.,馬基大 → 瑪倫水邊 (約 70km),書 11:1-15,米倫水邊釋義「高處之水」。「耶和華對約書亞說：『你不要因他們懼怕。明日這時候……你要砍斷他們馬的蹄筋，用火焚燒他們的車輛。』」(書 11:6)。(詩 20:7)。,
150,出埃及第 47 年 / 約書亞 86 歲 / 迦勒 85 歲,「把會幕設立在那裡。」迦南大勢底定，諸王被殺。猶大、弗拉音及瑪拿西半支派先分得土地，隨後全眾聚集在示羅設立會幕。,瑪倫水邊,書 13:1-19:51,示羅釋義「安寧」或「賜平安者」。「以色列的全會眾聚集在示羅，把會幕設立在那裡，那地已經被他們制伏了。」(書 18:1)。(創 49:10)。,
151,出埃及第 47 年 / 約書亞 86 歲 / 迦勒 85 歲,「求你將這山地賜給我。」迦勒前來向約書亞述志，表明自己雖八十五歲依然強壯如昔，要求支取摩西昔日應許的希伯崙山地剪除巨人。,示羅,書 14:6-15,希伯崙釋義「友誼」或「聯合」。「自從耶和華對摩西說這話的時候，耶和華照他所應許的使我存活這四十五年……現今我八十五歲了，我還是強壯……求你將這山地賜給我」(書 14:10-12)。(民 14:24、書 14:14)。,
152,出埃及第 47-48 年 / 約書亞 87 歲 / 迦勒 85 歲,「這就是……在示羅會幕門口，耶和華面前，掣籤分產的地業。」約書亞與祭司以利亞撒在會幕前掣籤，為其餘七個支派分地完畢。,示羅,書 18:1-19:51,「這就是祭司以利亞撒和嫩的兒子約書亞……在示羅會幕門口，耶和華面前，掣籤分產的地業。這樣，他們把地分完了。」(書 19:51)。(箴 16:33)。,
153,出埃及第 47-48 年 / 約書亞 87 歲 / 迦勒 85 歲,「要設立逃城。」神命設立六座逃城（約旦河東西各三），使無心殺人的可逃入避難，確保公義，直到大祭司死後才可歸家。,示羅,書 20:1-9,「為自己設立逃城……使那無心誤殺人的，可以逃到那裡。這些城可以作你們逃避報血仇之人的地方。」(書 20:2-3)。(來 6:18、羅 8:1)。,
154,出埃及第 47-48 年 / 約書亞 87 歲 / 迦勒 85 歲,「利未支派所得的城邑共有四十八座。」利未人求得其產業，各支派依命從己地撥出城邑與郊野供其居住。,示羅,書 21:1-45,「耶和華應許賜福給以色列家的話，一句也沒有落空，都應驗了。」(書 21:45)。(民 18:20、創 49:7)。,
155,出埃及第 47-48 年 / 約書亞 87 歲 / 迦勒 85 歲,「在約旦河邊築了一座壇。」河東兩支派半完成爭戰任務歸家，在約旦河邊築大壇，引發河西支派誤解其背道，險引內戰。,示羅 → 約旦河邊,書 22:1-34,「流便人、迦得人給這壇起名叫證，意思說：這壇在我們中間證明耶和華是神。」(書 22:34)。(弗 4:3)。,
156,出埃及第 47-48 年 / 約書亞 87 歲 / 迦勒 85 歲,「耶和華使以色列人安靜，不與四圍的一切仇敵爭戰，已經多日。」約書亞年邁，召集領袖作臨終贈言，勸勉嚴守律法，勿與外邦通婚拜偶像。,示羅,書 23:1-16,「耶和華你們神的一切福氣怎樣臨到你們身上……你們若違背耶和華你們神吩咐你們守的約……熱和華的怒氣必向你們發作，使你們在他所賜的美地上速速滅亡。」(書 23:15-16)。,
157,出埃及第 71 年左右 / 約書亞 110 歲離世前,「今日就可以選擇所要事奉的……至於我和我家，我們必定事奉耶和華。」約書亞在示劍召集全眾，重述神史，立石為記重申聖約。,示劍,書 24:1-28,示劍釋義「肩膀」或「起點」，為亞伯拉罕入迦南築第一壇之地 (創 12:6-7)。「若是你們以事奉耶和華為不好，今日就可以選擇所要事奉的……至於我和我家，我們必定事奉耶和華。」(書 24:15)。,
158,出埃及第 71 年左右 / 約書亞 110 歲,「這些事以後，嫩的兒子約書亞正一百一十歲就死了。」約書亞死後葬於其產業亭拿‧希烈，以色列民將埃及帶出的約瑟遺骨安葬於示劍。,示劍,書 24:29-32,約書亞享壽一百一十歲。「以色列人從埃及帶來約瑟的骸骨，葬在示劍……這就作了約瑟子孫的產業。」(書 24:32)。「神必定看顧你們，你們要把我的骸骨從這裡搬上去。」(創 50:25、出 13:19、來 11:22)。,
159,出埃及第 71 年左右,「亞倫的兒子以利亞撒也死了。」大祭司以利亞撒過世，安葬於其子非尼哈在以法蓮山地所得的基比亞山地上，曠野第一代領袖全面謝幕。,基比亞 (以法蓮山地),書 24:33,以利亞撒釋義「神已幫助」。「亞倫的兒子以利亞撒也死了，就把他葬在他兒子非尼哈所得的山地上，這山地是在以法蓮山地。」(書 24:33)。「耶和華應許賜福給以色列家的話，一句也沒有落空，都應驗了。」(書 21:45)。,
